{
  "ckpt-0100": 0.6057853215395649, 
  "ckpt-0200": 0.6067415730337079, 
  "ckpt-0300": 0.6012431269423858, 
  "ckpt-0400": 0.6076978245278508, 
  "ckpt-0500": 0.6086540760219938, 
  "ckpt-0600": 0.604829070045422, 
  "ckpt-0700": 0.6098493903896725, 
  "ckpt-0800": 0.6186947167104948, 
  "ckpt-0900": 0.6115228305044227, 
  "ckpt-1000": 0.6088931388955295, 
  "ckpt-1100": 0.6110447047573512, 
  "ckpt-1200": 0.6100884532632083, 
  "ckpt-1300": 0.6153478364809944, 
  "ckpt-1400": 0.6186947167104948, 
  "ckpt-1500": 0.6172603394692804, 
  "ckpt-1600": 0.620368156825245, 
  "ckpt-1700": 0.6086540760219938, 
  "ckpt-1800": 0.6091322017690652, 
  "ckpt-1900": 0.6120009562514941, 
  "ckpt-2000": 0.6129572077456371, 
  "ckpt-2100": 0.6136743963662443, 
  "ckpt-2200": 0.6115228305044227, 
  "ckpt-2300": 0.6160650251016018, 
  "ckpt-2400": 0.6153478364809944, 
  "ckpt-2500": 0.6086540760219938, 
  "ckpt-2600": 0.6110447047573512, 
  "ckpt-2700": 0.6117618933779584, 
  "ckpt-2800": 0.6105665790102797, 
  "ckpt-2900": 0.6127181448721014, 
  "ckpt-3000": 0.6065025101601721, 
  "ckpt-3100": 0.6088931388955295, 
  "ckpt-3200": 0.6096103275161368, 
  "ckpt-3300": 0.6108056418838155, 
  "ckpt-3400": 0.6108056418838155, 
  "ckpt-3500": 0.6062634472866364, 
  "ckpt-3600": 0.6067415730337079, 
  "ckpt-3700": 0.6074587616543151, 
  "ckpt-3800": 0.6057853215395649, 
  "ckpt-3900": 0.608415013148458, 
  "ckpt-4000": 0.6122400191250299
}